"","x"
"thrL",476
"thrA",18554
"thrB",5292
"thrC",6141
"yaaX",145
"yaaA",289
"yaaJ",86
"talB",4527
"mog",158
"satP",93
"yaaW",24
"yaaI",13
"dnaK",10772
"dnaJ",1522
"insL1",0
"mokC",0
"hokC",0
"sokC",1
"nhaA",369
"nhaR",214
"insB1",142
"insA",83
"rpsT",2170
"yaaY",13
"ribF",979
"ileS",7287
"lspA",620
"fkpB",520
"ispH",653
"rihC",61
"dapB",867
"carA",2189
"carB",5239
"caiF",65
"caiE",26
"caiD",13
"caiC",98
"caiB",68
"caiA",49
"caiT",17
"fixA",8
"fixB",16
"fixC",28
"fixX",2
"yaaU",22
"kefF",55
"kefC",198
"folA",129
"apaH",391
"apaG",299
"rsmA",736
"pdxA",820
"surA",2082
"lptD",3977
"djlA",166
"yabP",209
"rluA",143
"rapA",648
"polB",175
"araD",19
"araA",42
"araB",38
"araC",202
"yabI",142
"thiQ",130
"thiP",288
"thiB",659
"sgrR",175
"sgrS",1
"sgrT",0
"setA",267
"leuD",2746
"leuC",6082
"leuB",4103
"leuA",5724
"leuL",104
"leuO",29
"ilvI",2883
"ilvH",1106
"cra",756
"mraZ",369
"rsmH",711
"ftsL",231
"ftsI",748
"murE",1141
"murF",1161
"mraY",487
"murD",924
"ftsW",573
"murG",595
"murC",1052
"ddlB",696
"ftsQ",704
"ftsA",1480
"ftsZ",4726
"lpxC",6096
"secM",466
"secA",2582
"mutT",68
"yacG",121
"zapD",441
"coaE",235
"guaC",1181
"hofC",57
"hofB",31
"ppdD",6
"nadC",410
"ampD",145
"ampE",357
"aroP",3080
"pdhR",702
"aceE",21835
"aceF",12282
"lpd",10513
"yacH",99
"acnB",7014
"yacL",139
"speD",1326
"speE",1105
"yacC",125
"cueO",455
"gcd",1918
"hpt",428
"can",2136
"yadG",462
"yadH",282
"yadI",86
"yadE",138
"panD",986
"yadD",98
"panC",1968
"panB",1295
"yadC",45
"yadK",13
"yadL",19
"yadM",14
"htrE",52
"yadV",13
"yadN",8
"folK",201
"pcnB",1680
"gluQ",115
"dksA",1774
"sfsA",327
"ligT",74
"hrpB",338
"mrcB",724
"fhuA",4713
"fhuC",653
"fhuD",362
"fhuB",538
"hemL",1430
"clcA",340
"erpA",572
"yadS",120
"btuF",213
"mtn",754
"dgt",347
"degP",1488
"cdaR",84
"yaeH",561
"yaeI",93
"dapD",3224
"glnD",956
"map",1331
"tff",345
"rpsB",10053
"tsf",5184
"pyrH",1053
"frr",2673
"dxr",452
"ispU",680
"cdsA",436
"rseP",1146
"bamA",5383
"skp",2626
"lpxD",3767
"fabZ",970
"lpxA",1546
"lpxB",753
"rnhB",218
"dnaE",1069
"accA",1432
"ldcC",311
"yaeR",92
"tilS",329
"rof",225
"yaeP",117
"yaeQ",88
"arfB",100
"nlpE",223
"yaeF",44
"proS",3100
"tsaA",286
"rcsF",314
"metQ",4204
"metI",611
"metN",1169
"gmhB",275
"rrsH",2333
"ileV",0
"alaV",8
"rrlH",45006
"rrfH",0
"aspU",78
"dkgB",180
"yafC",169
"yafD",714
"yafE",117
"mltD",1571
"gloB",242
"yafS",189
"rnhA",133
"dnaQ",292
"aspV",22
"yafT",30
"ykfM",30
"yafU",11
"yafF",16
"yafV",170
"ivy",511
"fadE",159
"gmhA",697
"yafJ",708
"yafK",720
"yafQ",182
"dinJ",138
"yafL",19
"rayT",53
"lfhA",40
"lafU",8
"dinB",89
"yafN",39
"yafO",34
"yafP",19
"ykfJ",4
"prfH",57
"pepD",3175
"gpt",342
"frsA",408
"crl",58
"phoE",18
"proB",1387
"proA",1565
"thrW",26
"ykfN",5
"ykfI",26
"yafW",18
"ykfH",5
"ykfG",17
"yafX",64
"ykfF",26
"ykfB",189
"yafY",28
"ykfL",4
"ykfK",1
"yafZ",59
"ykfA",74
"perR",57
"insN",110
"insI1",10
"eyeA",20
"ykfC",173
"insH1",10
"mmuP",124
"mmuM",148
"afuC",34
"afuB",16
"insX",64
"yagB",71
"yagA",23
"yagE",18
"yagF",79
"yagG",54
"yagH",128
"yagI",287
"argF",1359
"ykgS",3
"yagJ",54
"yagK",54
"yagL",18
"yagM",20
"yagN",200
"intF",362
"ptwF",1
"yagP",20
"ykgT",0
"paoD",52
"paoC",86
"paoB",34
"paoA",20
"yagU",1339
"ykgJ",63
"ecpE",42
"ecpD",77
"ecpC",66
"ecpB",10
"ecpA",74
"ecpR",16
"ykgL",184
"ykgO",710
"ykgM",969
"ykgR",3
"ykgP",2
"eaeH",20
"insE1",0
"insF1",1
"ykgA",55
"ykgQ",8
"rclC",27
"rclB",2
"rclA",93
"rclR",21
"ykgE",15
"ykgF",54
"ykgG",50
"ykgH",14
"betA",285
"betB",401
"betI",155
"betT",144
"yahA",59
"yahB",67
"yahC",14
"yahD",40
"yahE",18
"yahF",31
"yahG",51
"yahI",19
"yahJ",154
"yahK",631
"yahL",7
"yahM",8
"yahN",13
"yahO",278
"prpR",62
"prpB",12
"prpC",15
"prpD",17
"prpE",31
"codB",852
"codA",1292
"cynR",56
"cynT",24
"cynS",25
"cynX",28
"lacA",46
"lacY",19
"lacZ",40
"lacI",198
"mhpR",81
"mhpA",16
"mhpB",8
"mhpC",19
"mhpD",18
"mhpF",30
"mhpE",29
"mhpT",59
"yaiL",191
"frmB",362
"frmA",1293
"frmR",205
"yaiO",42
"yaiX",7
"insC1",0
"insD1",7
"yaiP",17
"yaiS",6
"tauA",38
"tauB",30
"tauC",20
"tauD",63
"hemB",1099
"yaiT",158
"yaiV",28
"ampH",328
"sbmA",169
"yaiW",228
"yaiY",30
"yaiZ",34
"ddlA",568
"iraP",301
"phoA",329
"psiF",95
"yaiC",33
"proC",297
"yaiI",85
"aroL",451
"yaiA",216
"aroM",94
"yaiE",284
"ykiA",56
"rdgC",422
"mak",217
"araJ",120
"sbcC",410
"sbcD",209
"phoB",137
"phoR",127
"brnQ",655
"proY",313
"malZ",266
"acpH",93
"queA",231
"tgt",624
"yajC",1049
"secD",2474
"secF",1098
"yajD",74
"tsx",1317
"yajI",32
"nrdR",308
"ribD",891
"ribE",723
"nusB",942
"thiL",421
"pgpA",346
"yajO",524
"dxs",914
"ispA",644
"xseB",154
"thiI",498
"yajL",303
"panE",375
"yajQ",1242
"yajR",157
"cyoE",4708
"cyoD",1756
"cyoC",3283
"cyoB",10143
"cyoA",5559
"ampG",397
"yajG",374
"bolA",531
"tig",6850
"clpP",1680
"clpX",4086
"lon",3466
"hupB",3228
"ppiD",2468
"ybaV",28
"fadM",44
"queC",277
"ybaE",105
"cof",81
"ybaO",67
"mdlA",148
"mdlB",116
"glnK",4
"amtB",106
"tesB",225
"ybaY",454
"ybaZ",83
"ffs",177
"ybaA",24
"ylaB",115
"ylaC",186
"maa",130
"hha",358
"tomB",133
"acrB",5012
"acrA",2446
"acrR",162
"mscK",722
"ybaM",44
"priC",121
"ybaN",263
"apt",731
"dnaX",874
"ybaB",794
"recR",850
"htpG",2424
"adk",1873
"hemH",168
"aes",44
"gsk",408
"ybaL",486
"fsr",194
"ushA",942
"ybaK",229
"chiX",10
"ybaP",140
"ybaQ",224
"copA",1689
"glsA",366
"ybaT",243
"cueR",245
"ybbJ",195
"qmcA",325
"fetA",121
"fetB",168
"ybbN",1232
"ybbO",382
"tesA",208
"ybbA",129
"ybbP",257
"rhsD",210
"ybbC",63
"rhsH",75
"ybbD",25
"ylbI",3
"ylbG",46
"mnmH",102
"allS",9
"allA",17
"allR",906
"gcl",49
"hyi",18
"glxR",17
"ybbW",25
"allB",26
"ybbY",23
"glxK",62
"allE",215
"allC",75
"allD",18
"fdrA",15
"ylbE",22
"ylbF",25
"ybcF",64
"purK",1046
"purE",540
"lpxH",364
"ppiB",2064
"cysS",759
"ybcI",36
"ybcJ",197
"folD",809
"sfmA",10
"sfmC",21
"sfmD",53
"sfmH",21
"sfmF",9
"sfmZ",15
"argU",4
"intD",297
"xisD",2
"exoD",5
"peaD",9
"renD",31
"emrE",61
"ybcK",44
"ybcL",26
"ybcM",84
"ylcH",9
"ybcN",9
"ninE",0
"ybcO",1
"rusA",5
"ylcG",2
"quuD",35
"nmpC",1604
"essD",7
"rrrD",14
"rzpD",18
"rzoD",0
"borD",144
"ybcV",4
"ybcW",27
"ylcI",8
"nohD",2
"aaaD",0
"tfaD",8
"ybcY",20
"tfaX",3
"appY",231
"ompT",28796
"pauD",2
"envY",32
"ybcH",41
"nfrA",198
"nfrB",73
"cusS",113
"cusR",76
"cusC",25
"cusF",26
"cusB",41
"cusA",79
"pheP",212
"ybdG",274
"nfsB",666
"ybdF",59
"ybdJ",37
"ybdK",126
"sokE",1
"hokE",5
"entD",1380
"fepA",23001
"fes",2254
"ybdZ",400
"entF",14625
"fepE",87
"fepC",501
"fepG",272
"fepD",323
"entS",770
"fepB",1058
"entC",6356
"entE",7725
"entB",5301
"entA",3937
"entH",2046
"cstA",1486
"ybdD",49
"ybdH",277
"ybdL",174
"ybdM",42
"ybdN",28
"ybdO",31
"dsbG",163
"ahpC",9609
"ahpF",1634
"uspG",602
"ybdR",93
"rnk",173
"rna",367
"citT",35
"citG",12
"citX",8
"citF",15
"citE",21
"citD",3
"citC",15
"citA",128
"citB",97
"dcuC",135
"pagP",27
"cspE",3003
"flc",68
"ybeM",114
"tatE",380
"lipA",822
"ybeF",57
"lipB",289
"ybeD",394
"dacA",1146
"rlpA",1196
"mrdB",226
"mrdA",424
"rlmH",257
"rsfS",199
"cobC",114
"nadD",235
"holA",494
"lptE",845
"leuS",3974
"ybeL",436
"ybeQ",82
"ybeR",8
"djlB",23
"ybeT",6
"ybeU",26
"djlC",50
"hscC",51
"rihA",143
"gltL",223
"gltK",141
"gltJ",223
"gltI",1482
"lnt",685
"ybeX",1843
"ybeY",442
"ybeZ",1323
"miaB",682
"ubiF",578
"glnX",101
"glnV",200
"metU",109
"glnW",216
"glnU",326
"leuW",154
"metT",9
"asnB",1564
"umpH",575
"nagC",926
"nagA",517
"nagB",368
"nagE",820
"glnS",2640
"chiP",37
"chiQ",16
"fur",1409
"uof",98
"fldA",796
"ybfE",44
"ybfF",168
"seqA",747
"pgm",2740
"ybfP",27
"ybfG",12
"ybfI",6
"potE",67
"speF",35
"ybfK",7
"kdpE",84
"kdpD",360
"kdpC",21
"kdpB",61
"kdpA",20
"kdpF",2
"ybfA",241
"rhsC",130
"ybfB",8
"rhsO",24
"ybfC",28
"ybfQ",3
"ybfL",13
"ybfD",13
"ybgA",74
"phr",156
"dtpD",177
"ybgI",1002
"ybgJ",878
"ybgK",1002
"ybgL",518
"nei",213
"abrB",110
"ybgO",53
"ybgP",13
"ybgQ",50
"ybgD",6
"gltA",4457
"sdhC",144
"sdhD",111
"sdhA",753
"sdhB",342
"sucA",4906
"sucB",3283
"sucC",2714
"sucD",2509
"mngR",76
"mngA",21
"mngB",166
"cydA",7323
"cydB",4272
"cydX",378
"ybgE",555
"ybgC",174
"tolQ",541
"tolR",212
"tolA",536
"tolB",3113
"pal",5457
"ybgF",2290
"lysT",274
"valT",634
"lysW",267
"valZ",274
"lysY",120
"lysZ",129
"lysQ",15
"nadA",719
"pnuC",534
"zitB",220
"ybgS",118
"aroG",4070
"gpmA",13713
"galM",1652
"galK",388
"galT",323
"galE",307
"modF",1015
"modE",247
"acrZ",86
"modA",265
"modB",234
"modC",378
"ybhA",221
"pgl",1174
"ybhD",34
"ybhH",15
"ybhI",11
"ybhJ",68
"ybhC",1083
"ybhB",292
"bioA",374
"bioB",432
"bioF",322
"bioC",164
"bioD",189
"uvrB",855
"ybhK",226
"moaA",467
"moaB",414
"moaC",402
"moaD",114
"moaE",330
"ybhL",576
"ybhM",33
"ybhN",59
"clsB",161
"ybhP",102
"ybhQ",56
"ybhR",172
"ybhS",193
"ybhF",698
"ybhG",602
"ybiH",180
"rhlE",315
"ybiA",18
"dinG",154
"ybiB",695
"ybiC",2009
"ybiJ",148
"ybiI",220
"ybiX",1134
"fiu",7127
"mcbA",29
"rlmF",257
"ybiO",156
"glnQ",709
"glnP",699
"glnH",1937
"dps",3698
"rhtA",57
"ompX",8388
"opgE",87
"mntS",104
"mntR",180
"ybiR",151
"ldtB",1313
"ybiT",957
"ybiU",103
"ybiV",179
"ybiW",68
"ybiY",17
"fsaA",79
"moeB",300
"moeA",637
"iaaA",1888
"gsiA",2322
"gsiB",1670
"gsiC",484
"gsiD",359
"yliE",262
"yliF",127
"rimO",404
"bssR",1367
"yliI",159
"gstB",787
"dacC",776
"deoR",330
"ybjG",191
"mdfA",129
"ybjH",58
"ybjI",234
"ybjJ",133
"rcdA",25
"rybB",12
"ybjL",487
"ybjM",78
"grxA",50
"ybjC",57
"nfsA",638
"rimK",462
"ybjN",307
"potF",803
"potG",378
"potH",174
"potI",168
"ybjO",67
"rlmC",176
"artJ",1562
"artM",296
"artQ",409
"artI",1103
"artP",504
"ybjP",551
"ybjQ",184
"amiD",426
"ybjS",342
"ybjT",627
"ltaE",787
"poxB",1213
"hcr",128
"hcp",32
"ybjE",173
"aqpZ",60
"ybjD",490
"ybjX",1177
"macA",345
"macB",425
"cspD",1035
"clpS",390
"clpA",8084
"serW",2
"infA",700
"aat",332
"cydC",665
"cydD",653
"trxB",1894
"lrp",2551
"ftsK",2389
"lolA",538
"rarA",469
"serS",3870
"dmsA",224
"dmsB",52
"dmsC",104
"ycaC",287
"ycaD",284
"ycaM",39
"ycaN",74
"ycaK",37
"pflA",286
"pflB",37384
"focA",1898
"ycaO",457
"ycaP",80
"serC",9008
"aroA",3337
"ycaL",55
"cmk",441
"rpsA",24442
"ihfB",2230
"ycaI",88
"msbA",762
"lpxK",277
"ycaQ",93
"ycaR",50
"kdsB",889
"ycbJ",273
"elyC",118
"smtA",309
"mukF",657
"mukE",475
"mukB",2856
"ldtD",737
"ycbK",1075
"ycbL",1326
"aspC",5088
"ompF",10813
"asnS",4464
"pncB",2043
"pepN",3117
"ssuB",85
"ssuC",14
"ssuD",22
"ssuA",26
"ssuE",33
"elfA",17
"elfD",22
"elfC",72
"elfG",71
"ycbU",17
"ycbV",21
"ycbF",62
"pyrD",462
"zapC",358
"ycbX",456
"rlmL",717
"uup",670
"pqiA",146
"pqiB",294
"pqiC",116
"rmf",4417
"fabA",1182
"ycbZ",645
"matP",145
"ompA",63783
"sulA",113
"sxy",94
"yccS",420
"yccF",96
"helD",835
"mgsA",569
"yccT",33
"yccU",288
"hspQ",682
"rlmI",407
"yccX",67
"tusE",113
"yccA",2260
"serT",2
"hyaA",84
"hyaB",116
"hyaC",33
"hyaD",33
"hyaE",16
"hyaF",36
"cbdA",184
"cbdB",108
"cbdX",16
"appA",198
"etk",189
"etp",21
"gfcE",47
"gfcD",72
"gfcC",15
"gfcB",13
"gfcA",30
"cspH",8
"cspG",67
"ymcE",2
"gnsA",59
"yccM",63
"torS",114
"torT",50
"torR",94
"torC",15
"torA",70
"torD",57
"cbpM",291
"cbpA",783
"yccE",24
"agp",337
"yccJ",1076
"wrbA",2054
"ymdF",36
"rutG",66
"rutF",13
"rutE",14
"rutD",15
"rutC",10
"rutB",9
"rutA",14
"rutR",77
"putA",1897
"putP",667
"efeU",624
"efeO",1524
"efeB",864
"phoH",296
"pgaD",39
"pgaC",34
"pgaB",48
"pgaA",75
"ycdT",133
"ymdE",8
"ycdU",26
"serX",2
"ghrA",840
"ycdX",816
"ycdY",616
"ycdZ",175
"csgG",353
"csgF",159
"csgE",215
"csgD",478
"csgB",6
"csgA",63
"csgC",15
"ymdA",61
"ymdB",141
"clsC",262
"opgC",127
"opgG",2060
"opgH",2031
"yceK",447
"msyB",470
"mdtG",81
"lpxL",244
"yceA",418
"yceI",237
"yceJ",36
"yceO",9
"solA",841
"bssS",164
"dinI",170
"pyrC",1720
"yceB",255
"grxB",716
"mdtH",95
"rimJ",386
"yceH",564
"yceM",515
"murJ",296
"flgN",629
"flgM",287
"flgA",362
"flgB",488
"flgC",679
"flgD",1436
"flgE",2514
"flgF",1081
"flgG",1116
"flgH",411
"flgI",330
"flgJ",223
"flgK",2090
"flgL",2361
"rne",4762
"yceQ",237
"rluC",394
"yceF",398
"psrD",61
"yceD",3793
"rpmF",4374
"plsX",2026
"fabH",1825
"fabD",2367
"fabG",3354
"acpP",6659
"fabF",3995
"pabC",142
"yceG",200
"tmk",241
"holB",246
"ycfH",337
"ptsG",7780
"fhuE",3801
"hinT",405
"ycfL",433
"lpoB",835
"thiK",261
"nagZ",486
"ycfP",707
"ndh",1485
"ycfJ",69
"ycfQ",218
"bhsA",36
"ldtC",124
"mfd",1655
"ycfT",18
"lolC",468
"lolD",293
"lolE",513
"nagK",574
"cobB",439
"ycfZ",42
"ymfA",23
"potD",2410
"potC",246
"potB",382
"potA",683
"pepT",943
"roxA",1075
"phoQ",738
"phoP",815
"purB",1884
"hflD",600
"mnmA",1036
"nudJ",124
"rluE",119
"icd",26370
"ymfD",31
"ymfE",46
"lit",90
"intE",54
"xisE",6
"ymfI",96
"ymfJ",45
"cohE",273
"croE",5
"ymfL",9
"ymfM",6
"oweE",1
"aaaE",26
"ymfR",4
"beeE",6
"jayE",7
"ymfQ",10
"stfP",14
"tfaP",22
"tfaE",19
"stfE",14
"pinE",12
"mcrA",87
"icdC",10
"iraM",13
"ycgX",17
"bluR",322
"bluF",109
"ycgZ",27
"ymgA",39
"ariR",15
"ymgC",14
"ycgG",34
"ymgF",7
"ycgH",110
"ymgD",44
"ymgG",35
"ymgI",5
"ymgJ",16
"ycgI",13
"minE",691
"minD",2035
"minC",1081
"ycgJ",183
"pliG",1978
"ycgL",275
"ycgM",558
"ycgN",207
"hlyE",40
"umuD",16
"umuC",67
"dsbB",341
"nhaB",843
"fadR",325
"ycgB",482
"dadA",714
"dadX",478
"cvrA",343
"ldcA",301
"emtA",376
"ycgR",1305
"ymgE",47
"ycgY",18
"treA",97
"dhaM",1003
"dhaL",350
"dhaK",660
"dhaR",156
"ycgV",193
"ychF",928
"pth",168
"ychH",235
"dauA",205
"prs",4424
"ispE",596
"lolB",416
"hemA",511
"prfA",379
"prmC",136
"ychQ",41
"ychA",523
"kdsA",1498
"ldrA",0
"rdlA",45
"ldrB",7
"rdlB",0
"ldrC",0
"rdlC",2
"chaA",493
"chaB",28
"chaC",299
"ychN",271
"ychO",158
"narL",461
"narX",265
"narK",83
"narG",324
"narH",144
"narJ",38
"narI",49
"rttR",9
"tpr",0
"tyrV",52
"tyrT",58
"purU",1437
"ychJ",228
"rssA",431
"rssB",375
"galU",1317
"hns",2306
"tdk",170
"insZ",92
"adhE",41423
"ychE",64
"oppA",32422
"oppB",2446
"oppC",1475
"oppD",2268
"oppF",2384
"yciU",349
"clsA",896
"yciY",87
"kch",206
"yciI",476
"tonB",1843
"yciA",134
"yciB",279
"yciC",240
"ompW",1151
"yciE",100
"yciF",50
"yciG",27
"trpA",1444
"trpB",1781
"trpC",1126
"trpD",1223
"trpE",1036
"trpL",13
"yciV",213
"yciO",301
"yciQ",179
"rluB",396
"btuR",196
"yciK",275
"sohB",966
"yciN",156
"topA",2520
"cysB",789
"ymiA",19
"yciX",83
"acnA",1093
"ribA",374
"pgpB",147
"yciS",201
"yciM",480
"pyrF",361
"yciH",173
"osmB",86
"yciT",680
"yciZ",50
"gmr",309
"ymiB",7
"rnb",2873
"yciW",632
"fabI",3648
"ycjD",20
"sapF",188
"sapD",326
"sapC",112
"sapB",166
"sapA",417
"ymjA",54
"puuP",66
"puuA",82
"puuD",48
"puuR",88
"puuC",50
"puuB",46
"puuE",57
"pspF",124
"pspA",602
"pspB",97
"pspC",111
"pspD",66
"pspE",201
"ycjM",24
"ycjN",12
"ycjO",10
"ycjP",9
"ycjQ",45
"ycjR",19
"ycjS",22
"ycjT",60
"ycjU",5
"ycjV",17
"ompG",16
"ycjW",81
"ycjX",264
"ycjF",219
"tyrR",881
"tpx",5629
"ycjG",282
"mpaA",254
"ymjC",15
"ymjD",2
"ycjY",46
"pgrR",100
"mppA",360
"ynaI",233
"ynaJ",314
"uspE",1824
"fnr",2102
"ogt",107
"abgT",33
"abgB",73
"abgA",34
"abgR",45
"mcaS",7
"smrA",135
"ydaM",313
"ydaN",348
"fnrS",126
"dbpA",179
"ttcA",320
"intR",58
"ydaQ",2
"ydaC",1
"ralA",0
"ralR",4
"recT",33
"recE",69
"racC",7
"ydaE",1
"kilR",9
"sieB",19
"ydaF",3
"ydaG",6
"racR",272
"ydaS",12
"ydaT",11
"ydaU",24
"ydaV",15
"ydaW",19
"rzpR",4
"rzoR",0
"trkG",171
"ynaK",6
"ydaY",17
"tmpR",28
"lomR",26
"stfR",80
"tfaR",1
"pinR",8
"ynaE",6
"ttcC",7
"uspF",474
"ompN",22
"micC",3
"pfo",826
"ydbJ",115
"hslJ",211
"ldhA",619
"ydbH",278
"ynbE",18
"ydbL",74
"feaR",40
"feaB",119
"tynA",65
"paaZ",17
"paaA",6
"paaB",1
"paaC",9
"paaD",12
"paaE",22
"paaF",12
"paaG",20
"paaH",39
"paaI",15
"paaJ",67
"paaK",75
"paaX",122
"paaY",97
"ynbG",9
"ydbA",936
"ydbC",110
"ydbD",57
"ynbA",9
"ynbB",29
"ynbC",51
"ynbD",78
"azoR",330
"hrpA",1142
"ydcF",377
"aldA",625
"gapC",1343
"cybB",388
"rydC",46
"ydcA",85
"hokB",29
"mokB",0
"sokB",2
"trg",287
"ydcI",194
"ydcJ",42
"opgD",775
"ydcH",37
"rimL",108
"ydcK",107
"tehA",124
"tehB",325
"ydcL",743
"insP",95
"insQ",292
"ydcO",30
"ydcN",31
"ydcP",582
"yncJ",24
"hicA",15
"hicB",105
"ydcR",271
"ydcS",68
"ydcT",25
"ydcU",38
"ydcV",24
"patD",233
"yncL",59
"ydcX",28
"ydcY",193
"ydcZ",184
"mnaT",222
"curA",264
"mcbR",67
"yncD",197
"yncE",12004
"ansP",126
"yncG",40
"yncH",14
"rhsE",25
"ydcD",20
"yncI",34
"ydcC",19
"pptA",32
"yddH",87
"nhoA",82
"yddE",269
"narV",21
"narW",14
"narY",54
"narZ",127
"narU",17
"yddK",44
"yddL",10
"yddG",119
"fdnG",98
"fdnH",18
"fdnI",27
"yddM",91
"adhP",421
"maeA",1603
"sra",688
"bdm",11
"osmC",967
"ddpF",147
"ddpD",28
"ddpC",38
"ddpB",11
"ddpA",39
"ddpX",3
"dosP",347
"dosC",408
"yddW",245
"gadC",1647
"gadB",567
"pqqL",600
"yddB",580
"yddA",159
"ydeM",19
"ydeN",55
"ydeO",27
"safA",1
"ydeP",167
"ydeQ",19
"ydeR",7
"ydeS",11
"ydeT",15
"yneL",5
"hipA",253
"hipB",31
"yneO",520
"lsrK",94
"lsrR",78
"lsrA",33
"lsrC",19
"lsrD",19
"lsrB",40
"lsrF",64
"lsrG",35
"tam",147
"yneE",166
"uxaB",43
"yneF",68
"yneG",100
"glsB",219
"sad",361
"yneJ",70
"yneK",30
"ydeA",316
"marC",113
"marR",64
"marA",174
"marB",100
"eamA",316
"ydeE",82
"yneM",59
"mgrR",28
"dgcZ",77
"ydeI",30
"ydeJ",76
"dcp",1696
"ydfG",996
"rspR",353
"ydfZ",615
"ydfI",81
"ydfJ",469
"ydfK",0
"pinQ",0
"tfaQ",0
"stfQ",0
"nohQ",0
"ynfO",0
"ydfO",0
"gnsB",0
"ynfN",0
"cspI",0
"rzpQ",0
"rzoQ",0
"rrrQ",0
"ydfR",0
"essQ",0
"cspB",0
"cspF",0
"quuQ",0
"ydfU",0
"rem",0
"hokD",0
"relE",0
"relB",0
"ydfV",0
"flxA",0
"intK",0
"ydfX",0
"dicC",0
"dicA",0
"ydfA",0
"ydfB",0
"ydfC",0
"dicF",0
"dicB",0
"ydfD",0
"ydfE",0
"intQ",0
"rspB",36
"rspA",34
"ynfA",24
"ynfB",440
"speG",639
"ynfC",191
"ynfD",65
"ynfE",541
"ynfF",271
"ynfG",45
"ynfH",70
"dmsD",172
"clcB",80
"ynfK",574
"mlc",357
"ynfL",62
"ynfM",180
"asr",45
"ydgU",8
"ydgD",259
"mdtI",20
"mdtJ",8
"tqsA",79
"pntB",9159
"pntA",11522
"ydgH",1611
"ydgI",64
"folM",219
"ydgC",106
"rstA",402
"rstB",344
"tus",123
"fumC",206
"fumA",283
"manA",983
"ydgA",2051
"uidC",30
"uidB",23
"uidA",37
"uidR",198
"hdhA",1076
"malI",62
"malX",77
"malY",272
"add",310
"ydgJ",620
"blr",25
"cnu",63
"ydgK",143
"rsxA",97
"rsxB",104
"rsxC",418
"rsxD",96
"rsxG",86
"rsxE",62
"nth",107
"dtpA",161
"gstA",717
"pdxY",610
"tyrS",2715
"pdxH",531
"mliC",55
"anmK",342
"slyB",2925
"slyA",705
"ydhI",14
"ydhJ",43
"ydhK",108
"sodC",171
"ydhF",373
"ydhL",20
"nemR",36
"nemA",214
"gloA",554
"rnt",191
"lhr",585
"grxD",456
"mepH",185
"sodB",289
"ydhP",194
"ynhF",66
"purR",1214
"ydhB",114
"ydhC",105
"cfa",3663
"ribC",637
"mdtK",436
"ydhQ",965
"valV",3
"valW",10
"ydhR",671
"ydhS",252
"ydhT",33
"ydhU",33
"ydhX",34
"ydhW",27
"ydhV",45
"ydhY",9
"ydhZ",48
"pykF",4356
"lpp",15135
"ldtE",909
"sufE",285
"sufS",1058
"sufD",1336
"sufC",512
"sufB",1670
"sufA",339
"rydB",62
"ydiH",110
"menI",283
"ydiJ",1894
"ydiK",578
"rprA",6
"ydiL",5
"ydiM",12
"ydiN",10
"ydiB",17
"aroD",308
"ydiF",29
"ydiO",37
"ydiP",87
"ydiQ",9
"ydiR",28
"ydiS",26
"ydiT",11
"fadK",75
"ppsA",4216
"ppsR",349
"aroH",701
"ydiE",76
"ydiU",370
"ydiV",178
"nlpC",383
"btuD",352
"btuE",318
"btuC",129
"ihfA",2293
"pheT",4405
"pheS",1749
"pheM",47
"rplT",8506
"rpmI",8181
"infC",7537
"thrS",8563
"arpB",48
"yniD",5
"ydiY",220
"pfkB",371
"ydiZ",118
"yniA",532
"yniB",172
"yniC",225
"ydjM",11
"ydjN",3192
"ydjO",107
"cedA",21
"katE",1142
"chbG",99
"chbF",43
"chbR",81
"chbA",27
"chbC",34
"chbB",57
"osmE",730
"nadE",1555
"cho",149
"ves",178
"spy",106
"astE",17
"astB",32
"astD",26
"astA",15
"astC",20
"xthA",415
"ydjX",74
"ydjY",123
"ydjZ",86
"ynjA",91
"ynjB",220
"ynjC",74
"ynjD",43
"ynjE",471
"ynjF",58
"nudG",149
"ynjH",71
"gdhA",11372
"ynjI",276
"topB",1040
"selD",1701
"ydjA",645
"sppA",709
"ansA",446
"pncA",337
"ydjE",48
"ydjF",78
"ydjG",56
"ydjH",30
"ydjI",33
"ydjJ",28
"ydjK",13
"ydjL",27
"yeaC",299
"msrB",300
"gapA",31484
"yeaD",758
"yeaE",169
"mipA",1639
"yeaG",1334
"yeaH",430
"yeaI",32
"yeaJ",110
"yeaK",358
"yoaI",42
"yeaL",70
"yeaM",89
"yeaN",41
"yeaO",171
"yoaF",58
"yeaP",406
"yoaK",23
"yoaJ",20
"yeaQ",583
"yoaG",4
"yeaR",3
"leuE",50
"dmlR",149
"dmlA",96
"yeaV",23
"yeaW",20
"yeaX",38
"rnd",233
"fadD",163
"yeaY",238
"tsaB",224
"yoaA",303
"yoaB",500
"yoaC",147
"yoaH",69
"pabB",273
"nudL",194
"sdaA",264
"yoaD",83
"yoaE",570
"manX",2949
"manY",2762
"manZ",3002
"yobD",131
"mntP",27
"rlmA",136
"cspC",3037
"yobF",288
"yebO",218
"mgrB",33
"yobH",43
"kdgR",522
"yebQ",35
"htpX",1090
"prc",2502
"proQ",2346
"msrC",984
"yebS",126
"yebT",500
"rsmF",184
"yebV",303
"yebW",26
"pphA",86
"ryeA",4
"sdsR",0
"yebY",319
"yebZ",443
"yobA",271
"holE",118
"yobB",177
"exoX",217
"ptrB",349
"yebE",111
"yebF",275
"yebG",95
"purT",870
"eda",1041
"edd",503
"zwf",3045
"yebK",215
"pykA",3276
"lpxM",414
"mepM",5749
"znuA",20159
"znuC",1117
"znuB",746
"ruvB",544
"ruvA",176
"yobI",5
"yebB",27
"ruvC",833
"yebC",1626
"nudB",730
"aspS",3460
"yecD",286
"yecE",198
"yecN",182
"cmoA",407
"cmoB",333
"torZ",110
"torY",15
"cutC",244
"yecM",159
"argS",1162
"yecT",20
"flhE",30
"flhA",252
"flhB",151
"cheZ",1558
"cheY",977
"cheB",667
"cheR",808
"tap",2902
"tar",4498
"cheW",2171
"cheA",4445
"motB",1042
"motA",999
"flhC",559
"flhD",329
"uspC",75
"otsA",857
"otsB",222
"araH",68
"araG",58
"araF",22
"ftnB",162
"yecJ",62
"azuC",32
"yecR",23
"ftnA",131
"yecH",32
"tyrP",109
"yecA",582
"leuZ",502
"cysT",181
"glyW",78
"pgsA",336
"uvrC",1175
"uvrY",547
"yecF",42
"sdiA",153
"yecC",517
"yecS",507
"dcyD",946
"fliY",4283
"fliZ",765
"fliA",1227
"fliC",56897
"fliD",2464
"fliS",486
"fliT",349
"amyA",684
"yedD",298
"yedE",403
"yedF",110
"yedK",27
"yedL",32
"yedN",29
"intG",40
"fliE",71
"fliF",498
"fliG",411
"fliH",216
"fliI",325
"fliJ",77
"fliK",212
"fliL",229
"fliM",515
"fliN",151
"fliO",74
"fliP",71
"fliQ",32
"fliR",30
"rcsA",76
"dsrB",22
"yodD",70
"dsrA",24
"yedP",238
"yedQ",285
"yodC",102
"yedI",316
"yedA",50
"vsr",73
"dcm",512
"yedJ",431
"yedR",108
"rseX",0
"yedS",86
"hchA",703
"yedV",148
"yedW",130
"hiuH",17
"yedY",120
"yedZ",95
"zinT",26006
"yodB",223
"serU",11
"mtfA",337
"asnT",14
"yeeJ",368
"yeeL",39
"shiA",2092
"amn",1475
"yeeN",476
"asnW",8
"yeeO",124
"asnU",3
"cbl",244
"nac",50
"asnV",2
"ldtA",338
"cobT",441
"cobS",256
"cobU",132
"yeeH",3
"yoeG",15
"yoeH",7
"yoeA",154
"yeeP",52
"isrC",4
"flu",435
"yeeR",72
"yeeS",26
"yeeT",10
"cbeA",11
"cbtA",4
"yeeW",2
"yoeD",6
"yoeF",20
"yeeX",1543
"yeeA",142
"sbmC",164
"dacD",109
"sbcB",500
"yeeD",659
"yeeE",1305
"plaP",1070
"yoeI",17
"yeeY",177
"yeeZ",867
"yoeB",121
"yefM",104
"hisL",1
"hisG",2267
"hisD",3197
"hisC",2516
"hisB",2454
"hisH",1092
"hisA",1106
"hisF",914
"hisI",1065
"wzzB",1515
"ugd",123
"gnd",7755
"wbbL",564
"wbbK",460
"wbbJ",362
"wbbI",732
"wbbH",583
"glf",1336
"wzxB",516
"rfbC",279
"rfbA",821
"rfbD",647
"rfbB",870
"wcaN",1859
"wcaM",55
"wcaL",38
"wcaK",30
"wzxC",13
"wcaJ",20
"cpsG",33
"cpsB",26
"wcaI",11
"wcaH",4
"wcaG",25
"gmd",19
"wcaF",9
"wcaE",10
"wcaD",23
"wcaC",15
"wcaB",6
"wcaA",19
"wzc",30
"wzb",4
"wza",16
"yegH",388
"asmA",672
"dcd",600
"udk",269
"yegE",347
"alkA",77
"yegD",137
"yegI",64
"yegJ",20
"yegK",18
"yegL",14
"sibA",8
"ibsA",0
"sibB",3
"ibsB",0
"mdtA",113
"mdtB",154
"mdtC",113
"iceT",64
"baeS",83
"baeR",213
"yegP",206
"yegQ",526
"cyaR",51
"ogrK",28
"yegZ",11
"yegR",19
"yegS",122
"gatR",80
"gatD",454
"gatC",2731
"gatB",690
"gatA",2135
"gatZ",10112
"gatY",7621
"fbaB",1736
"yegT",30
"yegU",64
"yegV",67
"yegW",106
"yegX",132
"thiD",617
"thiM",685
"rcnR",26
"rcnA",73
"rcnB",135
"yehA",20
"yehB",52
"yehC",10
"yehD",17
"yehE",80
"mrp",904
"metG",2945
"yehH",130
"yehI",110
"yehK",11
"yehL",18
"yehM",25
"yehP",17
"yehQ",58
"yehR",22
"yehS",135
"yehT",84
"yehU",71
"mlrA",137
"yohO",12
"yehW",64
"yehX",79
"yehY",112
"osmF",185
"bglX",1078
"dld",2281
"pbpG",437
"yohC",99
"yohD",95
"yohF",111
"mdtQ",20
"yohP",6
"dusC",66
"yohJ",22
"yohK",75
"cdd",343
"sanA",52
"yeiS",32
"preT",30
"preA",54
"mglC",48
"mglA",70
"mglB",101
"galS",39
"yeiB",439
"folE",2881
"yeiG",1450
"cirA",24695
"lysP",1060
"yeiE",130
"yeiH",130
"nfo",395
"yeiI",302
"nupX",42
"rihB",9
"yeiL",17
"psuT",49
"psuG",22
"psuK",12
"fruA",600
"fruK",330
"fruB",379
"setB",29
"yeiW",22
"yeiP",347
"yeiQ",84
"yeiR",153
"lpxT",98
"mepS",1119
"rtn",155
"yejA",195
"yejB",67
"yejE",98
"yejF",302
"yejG",137
"bcr",462
"rsuA",431
"yejH",156
"rplY",1956
"yejK",475
"yejL",105
"yejM",719
"proL",36
"yejO",307
"narP",355
"ccmH",118
"dsbE",58
"ccmF",151
"ccmE",57
"ccmD",15
"ccmC",88
"ccmB",25
"ccmA",132
"napC",28
"napB",15
"napH",25
"napG",14
"napA",100
"napD",4
"napF",7
"eco",82
"mqo",579
"yojI",550
"alkB",50
"ada",122
"apbE",117
"ompC",53545
"micF",7
"rcsD",1204
"rcsB",1699
"rcsC",516
"atoS",64
"atoC",95
"atoD",7
"atoA",4
"atoE",29
"atoB",22
"yfaP",16
"yfaQ",37
"yfaS",105
"yfaT",9
"yfaA",42
"gyrA",4822
"ubiG",505
"yfaL",369
"nrdA",1452
"nrdB",874
"yfaE",173
"inaA",323
"yfaH",23
"glpQ",463
"glpT",378
"glpA",3709
"glpB",2564
"glpC",2136
"yfaD",52
"ypaA",106
"rhmA",62
"rhmT",33
"rhmD",21
"rhmR",17
"yfaY",492
"yfaZ",85
"nudI",43
"ais",12
"arnB",82
"arnC",39
"arnA",112
"arnD",29
"arnT",39
"arnE",12
"arnF",52
"pmrD",41
"menE",260
"menC",452
"menB",559
"menH",51
"menD",346
"menF",434
"elaB",1114
"elaA",115
"rbn",117
"elaD",33
"yfbK",38
"yfbL",12
"yfbM",14
"yfbN",21
"yfbO",15
"yfbP",88
"nuoN",1286
"nuoM",1340
"nuoL",1430
"nuoK",139
"nuoJ",390
"nuoI",367
"nuoH",615
"nuoG",2615
"nuoF",1571
"nuoE",599
"nuoC",1605
"nuoB",853
"nuoA",504
"lrhA",562
"alaA",690
"yfbR",128
"yfbS",300
"yfbT",1267
"yfbU",877
"yfbV",291
"ackA",3307
"pta",4219
"yfcC",41
"yfcD",603
"yfcE",413
"yfcF",119
"yfcG",84
"folX",288
"yfcH",782
"yfcI",101
"hisP",236
"hisM",190
"hisQ",379
"hisJ",1410
"argT",432
"ubiX",139
"purF",1689
"cvpA",492
"dedD",382
"folC",500
"accD",2048
"dedA",481
"truA",480
"usg",558
"pdxB",780
"flk",183
"yfcJ",81
"fabB",3725
"mnmC",253
"yfcL",162
"epmC",270
"yfcA",212
"mepA",614
"aroC",1602
"prmB",929
"smrB",276
"yfcO",197
"yfcP",15
"yfcQ",9
"yfcR",24
"yfcS",5
"yfcU",89
"yfcV",0
"sixA",603
"fadJ",108
"fadI",54
"yfcZ",339
"fadL",274
"yfdF",37
"mlaA",840
"yfdC",73
"argW",5
"intS",107
"gtrA",126
"gtrB",713
"gtrS",418
"tfaS",13
"yfdK",8
"yfdL",11
"yfdM",2
"yfdN",9
"oweS",4
"yfdP",10
"yfdQ",54
"yfdR",9
"yfdS",10
"yfdT",8
"ypdJ",2
"torI",29
"pawZ",3
"dsdC",79
"dsdX",49
"dsdA",153
"emrY",38
"emrK",31
"evgA",594
"evgS",706
"yfdE",34
"yfdV",34
"oxc",45
"frc",37
"yfdX",12
"ypdI",41
"yfdY",38
"lpxP",107
"ypdK",49
"alaC",724
"ypdA",144
"ypdB",223
"ypdC",95
"fryA",57
"ypdE",17
"ypdF",14
"fryC",18
"fryB",2
"glk",503
"yfeO",155
"ypeC",529
"mntH",3880
"nupC",728
"yfeA",246
"alaX",15
"alaW",5
"yfeC",62
"yfeD",109
"gltX",2476
"valU",25
"valX",323
"valY",65
"lysV",2
"xapR",64
"xapB",53
"xapA",18
"yfeN",36
"yfeR",51
"yfeH",166
"ypeB",31
"ligA",469
"zipA",1594
"cysZ",194
"cysK",17882
"ptsH",3204
"ptsI",13894
"crr",5051
"pdxK",555
"yfeK",24
"yfeS",216
"cysM",1304
"cysA",2448
"cysW",770
"cysU",776
"cysP",1923
"ucpA",184
"murR",48
"murQ",84
"murP",88
"yfeW",53
"yfeX",778
"yfeY",263
"yfeZ",86
"ypeA",91
"amiA",385
"hemF",307
"eutR",142
"eutK",91
"eutL",154
"eutC",183
"eutB",798
"intZ",188
"yffL",53
"yffM",15
"yffN",13
"yffO",12
"yffP",30
"yffQ",27
"yffR",73
"yffS",245
"eutA",23
"eutH",16
"eutG",15
"eutJ",16
"eutE",17
"eutN",3
"eutM",15
"eutD",19
"eutT",12
"eutQ",17
"eutP",8
"eutS",8
"maeB",2186
"talA",1105
"tktB",2765
"ypfG",240
"nudK",138
"aegA",86
"narQ",163
"acrD",151
"ypfM",29
"yffB",132
"dapE",551
"ypfN",134
"ypfH",224
"tmcA",383
"ypfJ",410
"purC",1889
"bamC",2618
"dapA",3004
"gcvR",574
"bcp",1535
"hyfA",12
"hyfB",53
"hyfC",15
"hyfD",17
"hyfE",9
"hyfF",41
"hyfG",46
"hyfH",13
"hyfI",30
"hyfJ",17
"hyfR",48
"focB",89
"yfgO",280
"bepA",851
"yfgD",595
"hda",249
"uraA",456
"upp",835
"purM",1466
"purN",939
"ppk",1009
"ppx",753
"yfgF",84
"yfgG",80
"yfgH",19
"yfgI",14
"guaA",4800
"guaB",3798
"xseA",789
"yfgJ",157
"der",1077
"bamB",1795
"yfgM",867
"hisS",1927
"ispG",1483
"rodZ",1108
"rlmN",467
"ndk",322
"pbpC",102
"yfhM",1146
"sseA",409
"ryfA",67
"sseB",218
"pepB",581
"iscX",124
"fdx",246
"hscA",947
"hscB",396
"iscA",843
"iscU",1049
"iscS",2335
"iscR",909
"trmJ",674
"suhB",453
"yfhR",31
"csiE",84
"hcaT",59
"hcaR",95
"iroK",0
"hcaE",142
"hcaF",20
"hcaC",17
"hcaB",44
"hcaD",78
"yphA",103
"yphB",75
"yphC",50
"yphD",22
"yphE",41
"yphF",19
"yphG",61
"yphH",110
"glyA",10813
"hmp",292
"glnB",251
"glrR",240
"yfhG",215
"glrK",246
"glmY",1157
"purL",4735
"mltF",103
"tadA",118
"pgpC",156
"yfhH",78
"yfhL",63
"shoB",21
"ohsC",1
"acpS",269
"pdxJ",770
"recO",270
"era",862
"rnc",544
"lepB",800
"lepA",1941
"rseC",242
"rseB",1308
"rseA",2354
"rpoE",977
"nadB",357
"trmN",126
"srmB",632
"yfiE",87
"eamB",69
"grcA",10898
"ung",340
"yfiF",794
"trxC",91
"yfiP",62
"pka",294
"pssA",1158
"yfiM",432
"kgtP",5261
"rrfG",28
"rrlG",0
"gltW",20
"rrsG",4185
"clpB",4711
"ryfD",70
"yfiH",302
"rluD",486
"bamD",1644
"raiA",2435
"pheL",34
"pheA",1339
"tyrA",743
"aroF",1111
"yfiL",22
"yfiR",87
"yfiN",97
"yfiB",113
"rplS",4514
"trmD",8685
"rimM",6785
"rpsP",1955
"ffh",1218
"ypjD",221
"yfjD",354
"grpE",1380
"nadK",363
"recN",228
"bamE",560
"ratB",154
"ratA",174
"smpB",544
"ssrA",178712
"intA",379
"yfjH",120
"alpA",8
"yfjI",24
"yfjJ",8
"yfjK",479
"yfjL",541
"yfjM",21
"rnlA",672
"rnlB",204
"yfjP",27
"yfjQ",27
"yfjR",11
"ypjK",4
"yfjS",2
"yfjT",47
"yfjU",22
"yfjV",73
"yfjW",186
"ypjI",9
"yfjX",11
"yfjY",7
"ypjJ",6
"yfjZ",9
"ypjF",22
"psaA",5
"ypjA",336
"pinH",11
"ypjC",46
"ileY",1
"ygaQ",60
"csiD",53
"lhgO",92
"gabD",282
"gabT",233
"gabP",85
"csiR",183
"ygaU",660
"yqaE",68
"ygaV",19
"ygaP",114
"stpA",714
"alaE",37
"ygaC",50
"ygaM",569
"nrdH",437
"nrdI",1031
"nrdE",3150
"nrdF",879
"proV",280
"proW",212
"proX",281
"ygaY",38
"ygaZ",423
"ygaH",152
"mprA",736
"emrA",322
"emrB",287
"luxS",1994
"micA",120
"gshA",1437
"yqaA",175
"yqaB",162
"argQ",55
"argZ",120
"argY",248
"argV",141
"serV",56
"csrA",1174
"alaS",5970
"recX",23
"recA",1762
"pncC",138
"mltB",205
"srlA",14
"srlE",38
"srlB",9
"srlD",69
"srlM",19
"srlR",148
"srlQ",228
"norR",173
"norV",75
"norW",52
"hypF",179
"hydN",9
"ascG",216
"ascF",48
"ascB",99
"hycI",85
"hycH",43
"hycG",29
"hycF",8
"hycE",32
"hycD",10
"hycC",18
"hycB",10
"hycA",11
"hypA",7
"hypB",165
"hypC",26
"hypD",164
"hypE",130
"fhlA",136
"ygbA",16
"mutS",722
"pphB",38
"ygbI",137
"ygbJ",14
"ygbK",35
"ygbL",25
"ygbM",34
"ygbN",54
"rpoS",14085
"nlpD",7393
"pcm",398
"umpG",511
"truD",594
"ispF",198
"ispD",254
"ftsB",167
"ygbE",359
"cysC",1350
"cysN",5653
"cysD",2685
"iap",137
"ygbF",32
"ygbT",75
"casE",57
"casD",67
"casC",55
"casB",23
"casA",59
"ygcB",83
"sokX",0
"cysH",1470
"cysI",2802
"cysJ",2690
"queD",57
"ygcN",45
"ygcO",6
"ygcP",19
"ygcQ",42
"ygcR",15
"ygcS",14
"ygcU",25
"ygcW",8
"yqcE",36
"ygcE",41
"queE",160
"yqcG",7
"ygcG",26
"eno",18281
"pyrG",2904
"mazG",317
"mazF",173
"mazE",121
"relA",1593
"rlmD",299
"barA",413
"gudD",122
"gudX",42
"gudP",28
"yqcA",267
"truC",144
"yqcC",44
"csrB",62671
"syd",172
"queF",281
"ygdH",1132
"sdaC",225
"sdaB",107
"ygdG",107
"fucO",94
"fucA",17
"fucP",18
"fucI",55
"fucK",66
"fucU",219
"fucR",221
"rlmM",539
"ygdD",122
"gcvA",200
"gcvB",21
"ygdI",88
"csdA",297
"csdE",151
"tcdA",279
"mltA",408
"metZ",53
"metW",209
"metV",57
"amiC",385
"argA",1053
"recD",406
"recB",723
"ptrA",489
"recC",656
"ppdC",18
"ygdB",24
"ppdB",21
"ppdA",9
"thyA",690
"lgt",455
"ptsP",1854
"rppH",630
"mutH",105
"ygdQ",126
"ygdR",83
"tas",920
"lplT",180
"aas",434
"omrA",13
"omrB",8
"galR",302
"lysA",640
"lysR",117
"ygeA",228
"araE",97
"kduD",60
"kduI",33
"yqeF",114
"yqeG",38
"yqeH",23
"yqeI",35
"yqeJ",21
"yqeL",0
"yqeK",10
"ygeF",26
"ygeG",8
"ygeH",17
"ygeI",12
"pbl",6
"ygeK",17
"ygeN",10
"ygeO",15
"ygeQ",51
"glyU",16
"ygeR",276
"xdhA",86
"xdhB",19
"xdhC",18
"ygeV",133
"ygeW",21
"ygeX",25
"ygeY",39
"hyuA",31
"yqeA",43
"yqeB",69
"yqeC",15
"mocA",41
"ygfK",56
"ssnA",19
"ygfM",12
"xdhD",119
"xanQ",55
"guaD",124
"ghxQ",79
"ygfS",22
"ygfT",47
"uacT",26
"yqfG",3
"idi",93
"lysS",3487
"prfB",2137
"recJ",773
"dsbC",432
"xerD",319
"fldB",264
"cptA",171
"sdhE",102
"ygfZ",1407
"yqfA",391
"yqfB",114
"bglA",1234
"ygfF",50
"gcvP",791
"gcvH",115
"gcvT",278
"ubiI",544
"ubiH",903
"pepP",1866
"ygfB",557
"zapA",369
"ssrS",7966
"fau",102
"sibC",4
"ibsC",0
"serA",18562
"rpiA",1221
"yqfE",7
"argP",457
"scpA",49
"argK",20
"scpB",35
"scpC",59
"ygfI",69
"yggE",755
"argO",120
"mscS",1994
"fbaA",10834
"pgk",9537
"epd",1229
"yggC",149
"yggD",127
"yggF",26
"yggP",32
"cmtA",37
"cmtB",7
"tktA",7827
"loiP",208
"speB",392
"speA",2335
"yqgB",103
"yqgC",106
"metK",4922
"galP",379
"yggI",55
"endA",21
"rsmE",235
"gshB",965
"yqgE",529
"yqgF",273
"yggR",83
"yggS",242
"yggT",324
"yggU",85
"rdgB",255
"yggW",309
"yggM",36
"ansB",142
"yggN",309
"yggL",638
"trmI",317
"mutY",214
"yggX",236
"mltC",313
"nupG",286
"speC",731
"yqgA",63
"pheV",15
"yghD",20
"yghE",114
"yghF",13
"yghG",23
"pppA",53
"sslE",351
"glcA",68
"glcB",542
"glcG",87
"glcF",61
"glcE",44
"glcD",56
"glcC",83
"yghO",39
"yghQ",30
"yghR",6
"yghS",10
"yghT",14
"pitB",21
"gss",1618
"yghU",699
"hybG",60
"hybF",41
"hybE",93
"hybD",142
"hybC",270
"hybB",33
"hybA",73
"hybO",118
"yghW",7
"yghX",95
"gpr",135
"yqhA",284
"yghA",94
"exbD",1556
"exbB",3178
"metC",862
"yghB",217
"yqhC",118
"yqhD",1280
"dkgA",693
"yqhG",27
"yqhH",9
"ygiQ",355
"ftsP",596
"plsC",241
"parC",907
"ygiS",162
"mqsA",177
"mqsR",86
"ygiV",58
"ygiW",154
"qseB",28
"qseC",60
"ygiZ",11
"mdaB",299
"ygiN",739
"parE",924
"yqiA",283
"cpdA",773
"yqiB",197
"nudF",217
"tolC",3457
"ygiB",708
"ygiC",1140
"ygiD",103
"zupT",397
"ribB",663
"yqiC",215
"ygiL",16
"yqiG",51
"yqiH",17
"yqiI",62
"glgS",241
"yqiJ",14
"yqiK",39
"sibD",10
"ibsD",0
"sibE",32
"ibsE",0
"hldE",1071
"glnE",1198
"ygiF",631
"ygiM",367
"cca",628
"bacA",316
"folB",58
"plsY",169
"ttdR",101
"ttdA",18
"ttdB",11
"ttdT",93
"tsaD",350
"rpsU",2577
"dnaG",1276
"rpoD",3831
"mug",392
"ileX",41
"yqjH",656
"yqjI",218
"aer",354
"patA",629
"ygjH",28
"ebgR",138
"ebgA",41
"ebgC",3
"ygjI",15
"ygjJ",26
"ygjK",51
"fadH",36
"higA",49
"higB",15
"rlmG",125
"ygjP",52
"ygjQ",26
"ygjR",275
"alx",48
"sstT",3195
"ygjV",61
"uxaA",117
"uxaC",134
"exuT",85
"exuR",432
"yqjA",220
"mzrA",111
"yqjC",555
"yqjD",711
"yqjE",786
"yqjK",706
"yqjF",25
"yqjG",238
"yhaH",250
"yhaI",39
"yhaJ",348
"yhaK",56
"yhaL",17
"yhaM",96
"yhaO",50
"tdcG",53
"tdcF",18
"tdcE",84
"tdcD",40
"tdcC",64
"tdcB",12
"tdcA",18
"tdcR",3
"yhaB",12
"yhaC",37
"rnpB",23108
"garK",93
"garR",65
"garL",26
"garP",14
"garD",59
"prlF",75
"yhaV",286
"agaR",346
"kbaZ",25
"agaV",15
"agaW",9
"agaA",24
"agaS",15
"kbaY",20
"agaB",11
"agaC",9
"agaD",13
"agaI",19
"yraH",12
"yraI",18
"yraJ",115
"yraK",87
"rsmI",255
"lpoA",1086
"yraN",199
"diaA",300
"yraP",464
"yraQ",296
"yraR",91
"yhbO",43
"yhbP",41
"yhbQ",48
"yhbS",363
"yhbT",472
"yhbU",174
"yhbV",107
"yhbW",285
"mtr",254
"deaD",1468
"yrbN",36
"nlpI",2659
"pnp",6678
"psrO",67
"rpsO",2631
"truB",703
"rbfA",338
"infB",5872
"nusA",2680
"rimP",491
"metY",83
"argG",3018
"yhbX",73
"leuU",89
"secG",1327
"glmM",1628
"folP",182
"ftsH",5664
"rlmE",1038
"yhbY",461
"greA",251
"dacB",272
"obgE",579
"yhbE",268
"rpmA",3950
"rplU",2320
"ispB",1120
"sfsB",64
"murA",1588
"ibaG",276
"mlaB",391
"mlaC",788
"mlaD",381
"mlaE",444
"mlaF",646
"yrbG",192
"kdsD",551
"kdsC",414
"lptC",446
"lptA",626
"lptB",732
"rpoN",1905
"hpf",1480
"ptsN",1233
"yhbJ",1216
"npr",158
"yrbL",3016
"mtgA",1039
"elbB",539
"arcZ",52
"arcB",672
"yhcC",52
"gltB",21137
"gltD",7492
"gltF",107
"yhcA",26
"yhcD",93
"yhcE",27
"yhcF",75
"yhcG",42
"yhcH",50
"nanK",68
"nanE",33
"nanT",28
"nanA",30
"nanR",352
"dcuD",74
"sspB",744
"sspA",1531
"rpsI",6580
"rplM",6414
"zapE",349
"yhcB",810
"degQ",559
"degS",292
"mdh",6587
"argR",435
"yhcN",73
"yhcO",38
"aaeB",62
"aaeA",40
"aaeX",48
"aaeR",242
"tldD",1035
"yhdP",572
"rng",811
"yhdE",338
"mreD",163
"mreC",756
"mreB",2475
"csrD",375
"acuI",603
"yrdF",31
"yrdE",19
"accB",1560
"accC",3476
"yhdT",19
"panF",156
"prmA",299
"dusB",1721
"fis",894
"yhdJ",36
"yhdU",11
"acrS",9
"acrE",18
"acrF",103
"yhdV",22
"yhdW",40
"yhdX",36
"yhdY",30
"yhdZ",57
"rrfF",781
"thrV",33
"rrfD",20
"rrlD",1391
"alaU",0
"ileU",0
"rrsD",685
"yrdA",286
"yrdB",131
"aroE",321
"tsaC",295
"yrdD",570
"smg",807
"smf",116
"def",592
"fmt",985
"rsmB",590
"trkA",422
"mscL",427
"arfA",91
"zntR",180
"yhdN",97
"rplQ",7353
"rpoA",22603
"rpsD",13574
"rpsK",10775
"rpsM",8984
"rpmJ",2845
"secY",22474
"rplO",8364
"rpmD",2166
"rpsE",9034
"rplR",5388
"rplF",8705
"rpsH",7361
"rpsN",9160
"rplE",11341
"rplX",7558
"rplN",6065
"rpsQ",5063
"rpmC",2563
"rplP",6221
"rpsC",12059
"rplV",6298
"rpsS",4991
"rplB",15150
"rplW",5413
"rplD",8268
"rplC",13016
"rpsJ",8430
"gspB",30
"gspA",52
"gspC",17
"gspD",68
"gspE",24
"gspF",42
"gspG",9
"gspH",3
"gspI",2
"gspJ",7
"gspK",33
"gspL",54
"gspM",27
"gspO",80
"bfr",445
"bfd",237
"chiA",149
"tufA",15281
"fusA",49676
"rpsG",12225
"rpsL",6569
"tusB",102
"tusC",149
"tusD",281
"yheO",682
"fkpA",1241
"slyX",37
"slyD",2549
"yheV",89
"kefB",179
"kefG",89
"yheS",600
"yheT",199
"yheU",45
"prkB",421
"yhfA",410
"crp",2955
"yhfK",787
"argD",1430
"pabA",101
"fic",157
"yhfG",16
"ppiA",435
"tsgA",361
"nirB",354
"nirD",30
"nirC",77
"cysG",447
"yhfL",18
"frlA",27
"frlB",25
"frlC",24
"frlD",32
"frlR",121
"yhfS",38
"yhfT",25
"yhfU",11
"php",17
"yhfW",12
"yhfX",24
"yhfY",23
"yhfZ",53
"trpS",1613
"gph",892
"rpe",825
"dam",470
"damX",2572
"aroB",2004
"aroK",1230
"hofQ",55
"hofP",4
"hofO",5
"hofN",13
"hofM",34
"mrcA",473
"nudE",254
"yrfF",399
"yrfG",191
"hslR",185
"hslO",506
"yhgE",137
"pck",1139
"envZ",546
"ompR",917
"greB",143
"yhgF",1220
"feoA",1007
"feoB",10220
"feoC",1050
"yhgA",43
"bioH",134
"gntX",131
"nfuA",1099
"gntT",164
"malQ",475
"malP",594
"malT",1750
"rtcA",131
"rtcB",72
"rtcR",56
"glpR",302
"glpG",332
"glpE",156
"glpD",15129
"yzgL",313
"glgP",3066
"glgA",2207
"glgC",2748
"glgX",2049
"glgB",4497
"asd",10215
"yhgN",98
"gntU",98
"gntK",39
"gntR",420
"yhhW",150
"yhhX",589
"ryhB",246
"yhhY",97
"yhhZ",52
"yrhA",10
"yrhB",8
"ggt",323
"yhhA",106
"ugpQ",223
"ugpC",85
"ugpE",31
"ugpA",25
"ugpB",165
"livF",1510
"livG",1437
"livM",2379
"livH",2177
"livK",4008
"panM",94
"livJ",16845
"rpoH",1433
"ftsX",587
"ftsE",615
"ftsY",1147
"rsmD",150
"yhhL",68
"yhhM",68
"yhhN",232
"zntA",119
"tusA",62
"yhhQ",85
"dcrB",588
"yhhS",235
"yhhT",104
"acpT",160
"nikA",24
"nikB",20
"nikC",19
"nikD",13
"nikE",18
"nikR",110
"rhsB",21
"yhhH",12
"yrhC",17
"yhhI",19
"yhhJ",452
"rbbA",1719
"yhiI",1407
"yhiJ",41
"yhiL",51
"yhiM",54
"yhiN",278
"pitA",1356
"uspB",168
"uspA",6405
"dtpB",81
"rsmJ",169
"prlC",1408
"rlmJ",230
"gor",1129
"dinQ",209
"agrA",14
"agrB",6
"arsR",12
"arsB",39
"arsC",46
"yhiS",32
"slp",538
"dctR",77
"yhiD",174
"hdeB",2359
"hdeA",2351
"hdeD",782
"arrS",40
"gadE",338
"mdtE",252
"mdtF",506
"gadW",561
"gadY",73
"gadX",513
"gadA",280
"yhjA",100
"treF",408
"yhjB",65
"yhjC",88
"yhjD",214
"yhjE",3641
"yhjG",577
"yhjH",791
"kdgK",396
"yhjJ",547
"dctA",180
"yhjK",263
"bcsC",273
"bcsZ",52
"bcsB",117
"bcsA",65
"bcsQ",74
"yhjR",95
"bcsE",821
"bcsF",59
"bcsG",420
"ldrD",39
"rdlD",9
"yhjV",154
"dppF",369
"dppD",427
"dppC",252
"dppB",515
"dppA",16260
"proK",11
"eptB",130
"yhjX",57
"yhjY",219
"tag",169
"yiaC",138
"bisC",607
"yiaD",112
"ghrB",1310
"yiaF",966
"yiaG",201
"cspA",2274
"mokA",0
"hokA",0
"insJ",14
"insK",27
"sokA",0
"glyS",4582
"glyQ",2206
"ysaB",13
"wecH",33
"yiaA",15
"yiaB",6
"xylB",177
"xylA",57
"xylF",20
"xylG",48
"xylH",31
"xylR",180
"bax",572
"malS",80
"avtA",1565
"ysaA",131
"yiaJ",320
"yiaK",12
"yiaL",6
"yiaM",4
"yiaN",13
"yiaO",8
"lyxK",20
"sgbH",12
"sgbU",25
"sgbE",34
"ysaC",4
"ysaD",6
"yiaT",16
"yiaU",49
"yiaV",24
"yiaW",6
"aldB",94
"yiaY",26
"selB",927
"selA",575
"yibF",176
"rhsA",26
"yibA",61
"rhsJ",36
"yibG",24
"yibS",4
"yibW",17
"yibV",18
"yibU",21
"yibH",48
"yibI",11
"mtlA",835
"mtlD",602
"mtlR",676
"yibT",294
"yibL",169
"lldP",106
"lldR",62
"lldD",208
"trmL",91
"cysE",674
"gpsA",1561
"secB",1813
"grxC",703
"yibN",423
"gpmM",4051
"envC",765
"yibQ",233
"waaH",25
"tdh",333
"kbl",276
"yibB",206
"hldD",1376
"waaF",906
"waaC",412
"waaL",387
"waaU",215
"waaZ",159
"waaY",167
"waaR",200
"waaO",265
"waaB",262
"waaS",164
"waaP",221
"waaG",359
"waaQ",327
"waaA",216
"coaD",125
"mutM",123
"rpmG",2233
"rpmB",3915
"yicR",27
"dfp",623
"dut",515
"slmA",509
"pyrE",38
"rph",280
"yicC",575
"dinD",33
"yicG",29
"ligB",52
"gmk",764
"rpoZ",817
"spoT",2245
"trmH",244
"recG",532
"gltS",196
"xanP",1070
"yicH",729
"yicI",163
"yicJ",19
"selC",13
"yicT",3
"setC",16
"yicL",305
"nlpA",1383
"yicS",36
"nepI",112
"yicN",43
"adeQ",53
"adeD",88
"uhpT",210
"uhpC",75
"uhpB",164
"uhpA",239
"ilvN",173
"ilvB",1300
"ivbL",81
"istR",7
"tisB",98
"emrD",20
"yidF",36
"yidG",36
"yidH",44
"yidI",28
"yidJ",40
"yidK",23
"yidL",33
"glvG",26
"glvC",32
"yidP",17
"yidE",329
"ibpB",40
"ibpA",234
"yidQ",198
"yidR",310
"cbrA",22
"dgoT",29
"dgoD",74
"dgoA",17
"dgoK",103
"dgoR",87
"yidX",92
"yidA",606
"yidB",107
"gyrB",2495
"recF",242
"dnaN",683
"dnaA",1364
"rpmH",703
"rnpA",741
"yidD",242
"yidC",2663
"mnmE",536
"tnaC",4
"tnaA",25
"tnaB",46
"mdtL",49
"yidZ",132
"yieE",95
"chrR",416
"adeP",1026
"yieH",159
"cbrB",47
"cbrC",79
"yieK",43
"yieL",38
"bglH",45
"bglB",30
"bglF",106
"bglG",17
"phoU",435
"pstB",319
"pstA",184
"pstC",270
"pstS",553
"glmS",3595
"glmU",1481
"atpC",3973
"atpD",11765
"atpG",8071
"atpA",15183
"atpH",4269
"atpF",5646
"atpE",3262
"atpB",4234
"atpI",572
"rsmG",158
"mnmG",1024
"mioC",475
"asnC",49
"asnA",240
"viaA",272
"ravA",432
"kup",332
"rbsD",153
"rbsA",144
"rbsC",80
"rbsB",218
"rbsK",247
"rbsR",92
"hsrA",106
"yieP",278
"rrsC",1874
"gltU",3
"rrlC",42180
"rrfC",22
"aspT",3
"trpT",149
"hdfR",217
"yifE",673
"yifB",97
"ilvL",238
"ilvX",90
"ilvG",7108
"ilvM",95
"ilvE",1601
"ilvD",1774
"ilvA",868
"ilvY",170
"ilvC",17157
"ppiC",245
"yifN",80
"rep",395
"gpp",962
"rhlB",1948
"trxA",1508
"rho",3587
"wecA",594
"wzzE",481
"wecB",443
"wecC",416
"rffG",313
"rffH",221
"wecD",144
"wecE",297
"wzxE",195
"wecF",199
"wzyE",91
"wecG",121
"yifK",393
"argX",42
"hisR",233
"leuT",161
"proM",42
"aslB",52
"aslA",66
"glmZ",323
"hemY",924
"hemX",835
"hemD",390
"hemC",776
"cyaA",4007
"cyaY",126
"yifL",214
"dapF",806
"yigA",518
"xerC",596
"yigB",315
"uvrD",839
"yigE",29
"corA",394
"yigF",16
"yigG",7
"rarD",66
"yigI",87
"pldA",269
"recQ",461
"rhtC",308
"rhtB",187
"pldB",342
"yigL",344
"yigM",105
"metR",242
"metE",40658
"ysgA",865
"udp",1743
"rmuC",121
"ubiE",614
"ubiJ",242
"esrE",0
"ubiB",456
"tatA",483
"tatB",824
"tatC",513
"tatD",136
"rfaH",131
"ubiD",982
"fre",917
"fadA",80
"fadB",47
"pepQ",1483
"yigZ",307
"trkH",315
"hemG",234
"rrsA",844
"ileT",0
"alaT",0
"rrlA",30286
"rrfA",3774
"mobB",100
"mobA",110
"yihD",303
"srkA",701
"dsbA",920
"yihF",48
"yihG",61
"polA",1592
"spf",119
"yihA",391
"csrC",4854
"yihI",266
"hemN",707
"yshB",146
"glnG",282
"glnL",295
"glnA",3825
"typA",5278
"yihL",30
"yihM",45
"yihN",35
"ompL",14
"yihO",31
"yihP",52
"yihQ",48
"yihR",25
"yihS",65
"yihT",23
"yihU",17
"yihV",28
"yihW",160
"yihX",262
"yihY",221
"dtd",368
"yiiD",714
"yiiE",2
"yiiF",21
"fdhE",386
"fdoI",46
"fdoH",59
"fdoG",789
"fdhD",169
"yiiG",30
"frvR",37
"frvX",87
"frvB",20
"frvA",8
"rhaM",14
"rhaD",21
"rhaA",21
"rhaB",19
"rhaS",16
"rhaR",30
"rhaT",35
"sodA",4068
"kdgT",43
"yiiM",245
"cpxA",831
"cpxR",785
"cpxP",257
"fieF",408
"pfkA",4393
"sbp",440
"cdh",120
"tpiA",3461
"yiiQ",176
"yiiR",98
"yiiS",160
"uspD",450
"fpr",390
"glpX",295
"glpK",2872
"glpF",530
"zapB",649
"rraA",1195
"menA",190
"hslU",1539
"hslV",428
"ftsN",592
"cytR",271
"priA",321
"rpmE",1884
"yiiX",114
"metJ",462
"metB",518
"metL",1254
"metF",1124
"katG",3368
"yijE",85
"yijF",19
"gldA",685
"fsaB",9
"frwA",44
"frwC",16
"frwB",23
"pflD",68
"pflC",19
"frwD",17
"yijO",115
"eptC",812
"ppc",9036
"argE",811
"argC",880
"argB",917
"argH",1533
"oxyS",12
"oxyR",717
"sthA",644
"fabR",349
"yijD",330
"trmA",475
"btuB",1227
"murI",284
"rrsB",82
"gltT",22
"rrlB",0
"rrfB",15
"murB",404
"birA",294
"coaA",318
"thrU",11
"tyrU",264
"glyT",412
"thrT",240
"tufB",5113
"secE",1025
"nusG",1399
"rplK",3827
"rplA",9694
"rplJ",12701
"rplL",9995
"rpoB",21838
"rpoC",22999
"yjaZ",45
"sroH",108
"thiH",2226
"thiG",1532
"thiS",305
"thiF",1301
"thiE",1111
"thiC",4668
"rsd",384
"nudC",306
"hemE",737
"nfi",292
"yjaG",284
"hupA",2904
"yjaH",188
"zraP",19
"zraS",49
"zraR",197
"purD",1228
"purH",1507
"rrsE",0
"gltV",1
"rrlE",255
"rrfE",15
"yjaA",44
"yjaB",44
"metA",985
"aceB",12273
"aceA",11129
"aceK",2053
"arpA",111
"iclR",321
"metH",2819
"yjbB",189
"pepE",143
"rluF",346
"yjbD",110
"lysC",2369
"pgi",5110
"yjbE",27
"yjbF",9
"yjbG",9
"yjbH",63
"yjbT",12
"psiE",91
"xylE",122
"malG",32
"malF",70
"malE",127
"malK",20
"lamB",98
"malM",98
"yjbI",33
"ubiC",157
"ubiA",253
"plsB",1585
"dgkA",140
"lexA",435
"dinF",126
"yjbJ",67
"zur",119
"yjbL",6
"yjbM",22
"dusA",265
"pspG",59
"qorA",649
"dnaB",874
"alr",435
"tyrB",1736
"yjbS",4
"aphA",65
"yjbQ",291
"yjbR",317
"uvrA",1140
"ssb",539
"yjcB",188
"yjcC",94
"soxS",51
"soxR",44
"ryjA",20
"ghxP",1028
"yjcE",529
"yjcF",29
"actP",55
"yjcH",13
"acs",212
"nrfA",32
"nrfB",9
"nrfC",10
"nrfD",28
"nrfE",36
"nrfF",15
"nrfG",12
"gltP",363
"yjcO",247
"fdhF",240
"mdtP",18
"mdtO",29
"mdtN",15
"ytcA",2
"yjcS",33
"alsK",62
"alsE",18
"alsC",26
"alsA",34
"alsB",38
"alsR",162
"rpiB",39
"yjdP",58
"phnP",71
"phnO",47
"phnN",12
"phnM",15
"phnL",32
"phnK",15
"phnJ",11
"phnI",14
"phnH",8
"phnG",7
"phnF",6
"phnE",15
"phnD",18
"phnC",8
"yjdN",32
"yjdM",105
"crfC",661
"yjcZ",847
"proP",2180
"pmrR",60
"basS",115
"basR",105
"eptA",40
"adiC",38
"adiY",83
"adiA",84
"melR",61
"melA",73
"melB",91
"yjdF",71
"fumB",210
"dcuB",195
"dcuR",154
"dcuS",178
"yjdI",44
"yjdJ",104
"ghoS",20
"ghoT",4
"lysU",475
"dtpC",50
"cadA",59
"cadB",17
"cadC",55
"yjdQ",2
"pheU",35
"yjdC",446
"dsbD",618
"cutA",114
"dcuA",1758
"aspA",599
"fxsA",112
"yjeH",236
"groS",1320
"groL",11828
"yjeI",944
"yjeJ",254
"epmB",332
"efp",1465
"ecnA",94
"ecnB",153
"sugE",64
"blc",120
"ampC",130
"frdD",166
"frdC",189
"frdB",398
"frdA",1276
"epmA",97
"yjeM",41
"yjeN",14
"yjeO",35
"mscM",464
"psd",1013
"rsgA",981
"orn",238
"glyV",177
"glyX",225
"glyY",83
"yjeV",4
"queG",195
"nnr",397
"tsaE",151
"amiB",390
"mutL",589
"miaA",2201
"hfq",2711
"hflX",2426
"hflK",3165
"hflC",2081
"yjeT",24
"purA",7700
"nsrR",203
"rnr",2470
"rlmB",524
"yjfI",7
"yjfJ",14
"yjfK",11
"yjfL",7
"yjfM",8
"yjfC",20
"aidB",316
"yjfN",55
"bsmA",39
"yjfP",116
"ulaR",111
"ulaG",67
"ulaA",26
"ulaB",6
"ulaC",13
"ulaD",24
"ulaE",48
"ulaF",47
"yjfY",20
"rpsF",4195
"priB",2845
"rpsR",3014
"rplI",4102
"yjfZ",28
"ytfA",39
"ytfB",472
"fklB",805
"cycA",889
"ytfE",52
"ytfF",74
"qorB",87
"ytfH",36
"cpdB",459
"cysQ",351
"ytfI",35
"ytfJ",22
"ytfK",139
"ytfL",179
"msrA",523
"tamA",586
"tamB",897
"ytfP",477
"chpS",15
"chpB",96
"ppa",2721
"ytfQ",73
"ytfR",61
"ytfT",25
"yjfF",60
"fbp",1251
"mpl",1146
"yjgA",438
"pmbA",921
"cybC",141
"nrdG",65
"nrdD",500
"treC",28
"treB",42
"treR",136
"mgtL",22
"mgtA",198
"ridA",2150
"pyrI",3122
"pyrB",4628
"pyrL",32
"yjgH",30
"bdcA",34
"bdcR",73
"tabA",314
"yjgL",135
"argI",917
"rraB",981
"yjgM",173
"yjgN",71
"valS",4610
"holC",377
"pepA",2203
"lptF",562
"lptG",487
"yjgR",336
"idnR",227
"idnT",88
"idnO",45
"idnD",23
"idnK",12
"ahr",220
"leuX",6
"intB",174
"yjgX",105
"yjgZ",8
"insG",169
"yjhB",87
"yjhC",118
"ythA",10
"yjhD",12
"yjhE",4
"insO",68
"insM",0
"yjhV",16
"fecE",178
"fecD",84
"fecC",105
"fecB",194
"fecA",1002
"fecR",1547
"fecI",1023
"yjhU",498
"yjhF",60
"yjhG",160
"yjhH",55
"yjhI",13
"sgcR",45
"sgcE",38
"sgcA",40
"ryjB",3
"sgcQ",86
"sgcC",44
"sgcB",9
"sgcX",92
"yjhY",83
"yjhP",24
"yjhQ",26
"yjhX",25
"yjhZ",29
"yjhR",36
"nanS",60
"nanM",106
"nanC",15
"fimB",326
"fimE",31
"fimA",15472
"fimI",1803
"fimC",922
"fimD",1046
"fimF",180
"fimG",220
"fimH",405
"gntP",63
"uxuA",110
"uxuB",114
"uxuR",256
"yjiC",10
"iraD",55
"hypT",135
"iadA",385
"yjiG",17
"yjiH",25
"kptA",41
"yjiJ",75
"yjiK",49
"yjiL",50
"yjiM",145
"yjiN",140
"mdtM",81
"yjiP",76
"yjiR",156
"yjiS",9
"yjiT",452
"yjiV",277
"mcrC",88
"mcrB",262
"symE",12
"symR",2
"hsdS",361
"hsdM",563
"hsdR",1381
"mrr",253
"yjiA",410
"yjiX",36
"yjiY",1192
"tsr",2651
"lgoT",349
"lgoR",36
"lgoD",19
"opgB",357
"yjjA",184
"dnaC",185
"dnaT",174
"yjjB",33
"yjjP",85
"yjjQ",17
"bglJ",763
"fhuF",4262
"yjjZ",1554
"leuV",198
"leuP",70
"leuQ",21
"rsmC",305
"holD",96
"rimI",122
"yjjG",225
"prfC",890
"osmY",1112
"ytjA",450
"yjjU",439
"yjjV",333
"yjjW",84
"yjjI",271
"deoC",778
"deoA",1303
"deoB",2286
"deoD",1934
"yjjJ",167
"lplA",306
"ytjB",145
"serB",412
"radA",535
"nadR",519
"ettA",1729
"slt",615
"trpR",196
"yjjX",161
"ytjC",292
"rob",986
"creA",256
"creB",304
"creC",163
"creD",66
"arcA",2302
"yjjY",103
"yjtD",123
